-- phpMyAdmin SQL Dump
-- version 4.8.0.1
-- https://www.phpmyadmin.net/
--
-- Host: 127.0.0.1
-- Erstellungszeit: 07. Dez 2018 um 14:48
-- Server-Version: 10.1.32-MariaDB
-- PHP-Version: 7.2.5

SET SQL_MODE = "NO_AUTO_VALUE_ON_ZERO";
SET AUTOCOMMIT = 0;
START TRANSACTION;
SET time_zone = "+00:00";


/*!40101 SET @OLD_CHARACTER_SET_CLIENT=@@CHARACTER_SET_CLIENT */;
/*!40101 SET @OLD_CHARACTER_SET_RESULTS=@@CHARACTER_SET_RESULTS */;
/*!40101 SET @OLD_COLLATION_CONNECTION=@@COLLATION_CONNECTION */;
/*!40101 SET NAMES utf8mb4 */;

--
-- Datenbank: `tnb`
--

-- --------------------------------------------------------

--
-- Tabellenstruktur für Tabelle `tbl_comment`
--

CREATE TABLE `tbl_comment` (
  `comment_id` int(11) NOT NULL,
  `user_id` int(11) NOT NULL,
  `photo_id` int(11) NOT NULL,
  `comment` int(11) NOT NULL,
  `timestamp` int(11) NOT NULL
) ENGINE=InnoDB DEFAULT CHARSET=latin1;

--
-- Daten für Tabelle `tbl_comment`
--

INSERT INTO `tbl_comment` (`comment_id`, `user_id`, `photo_id`, `comment`, `timestamp`) VALUES
(1, 67, 77, 0, 365290666),
(2, 5, 71, 0, 370116708),
(3, 69, 53, 0, 1034720167),
(4, 61, 88, 0, 861062134),
(5, 58, 60, 0, 787019347),
(6, 93, 28, 0, 649706405),
(7, 25, 95, 0, 389274495),
(8, 66, 69, 0, 1436474128),
(9, 40, 55, 0, 605582451),
(10, 33, 57, 0, 912435046),
(11, 39, 7, 0, 1140481302),
(12, 30, 4, 0, 1492844257),
(13, 7, 60, 0, 584125676),
(14, 58, 65, 0, 715751801),
(15, 85, 5, 0, 297217710),
(16, 51, 80, 0, 904896656),
(17, 88, 54, 0, 782110305),
(18, 24, 49, 0, 1160700266),
(19, 100, 24, 0, 1244036033),
(20, 24, 2, 0, 844253547),
(21, 33, 67, 0, 831965585),
(22, 66, 40, 0, 1186464416),
(23, 92, 48, 0, 684907062),
(24, 30, 84, 0, 796041778),
(25, 97, 41, 0, 867290161),
(26, 49, 38, 0, 1117248038),
(27, 68, 36, 0, 802845243),
(28, 12, 18, 0, 390434068),
(29, 80, 26, 0, 1017318686),
(30, 54, 63, 0, 1397511715),
(31, 35, 88, 0, 915569024),
(32, 7, 70, 0, 1046610702),
(33, 2, 40, 0, 737226195),
(34, 21, 74, 0, 1072268562),
(35, 100, 81, 0, 359316362),
(36, 55, 68, 0, 571198276),
(37, 82, 27, 0, 315852321),
(38, 11, 12, 0, 444156733),
(39, 94, 63, 0, 1108609932),
(40, 23, 49, 0, 1014872428),
(41, 12, 19, 0, 1119457546),
(42, 32, 55, 0, 731066441),
(43, 2, 50, 0, 1267887380),
(44, 60, 42, 0, 1022426955),
(45, 54, 12, 0, 909099998),
(46, 11, 12, 0, 1101396333),
(47, 47, 37, 0, 24580125),
(48, 8, 41, 0, 1375966337),
(49, 21, 10, 0, 1171232144),
(50, 4, 6, 0, 707018826),
(51, 27, 13, 0, 1085556035),
(52, 66, 27, 0, 996039326),
(53, 33, 56, 0, 1464906398),
(54, 15, 66, 0, 343557288),
(55, 39, 27, 0, 592955203),
(56, 27, 49, 0, 299161887),
(57, 27, 60, 0, 745815526),
(58, 71, 20, 0, 12858448),
(59, 77, 8, 0, 138100225),
(60, 15, 77, 0, 422060151),
(61, 21, 24, 0, 560379865),
(62, 89, 76, 0, 823173759),
(63, 27, 34, 0, 104168193),
(64, 12, 70, 0, 748224404),
(65, 82, 6, 0, 1378934699),
(66, 16, 88, 0, 1493220976),
(67, 94, 14, 0, 63627608),
(68, 60, 32, 0, 172458171),
(69, 33, 63, 0, 415093809),
(70, 94, 55, 0, 848638258),
(71, 49, 2, 0, 296821996),
(72, 88, 12, 0, 437845179),
(73, 64, 76, 0, 1145996594),
(74, 77, 85, 0, 40354188),
(75, 86, 98, 0, 202681907),
(76, 85, 80, 0, 320264380),
(77, 91, 79, 0, 156524505),
(78, 84, 92, 0, 472100413),
(79, 60, 39, 0, 1150725167),
(80, 27, 74, 0, 459799877),
(81, 98, 50, 0, 305859531),
(82, 96, 17, 0, 251626614),
(83, 9, 98, 0, 249747350),
(84, 65, 35, 0, 697981317),
(85, 7, 62, 0, 1283959420),
(86, 40, 59, 0, 1517099719),
(87, 85, 45, 0, 393119481),
(88, 92, 32, 0, 1080737126),
(89, 23, 91, 0, 642023364),
(90, 40, 56, 0, 430429129),
(91, 45, 20, 0, 798287351),
(92, 54, 74, 0, 436516520),
(93, 26, 56, 0, 266431333),
(94, 80, 9, 0, 856447248),
(95, 12, 81, 0, 1362648845),
(96, 100, 58, 0, 1233955575),
(97, 17, 72, 0, 838511190),
(98, 13, 72, 0, 515495781),
(99, 19, 42, 0, 400068035),
(100, 11, 83, 0, 1400871841);

-- --------------------------------------------------------

--
-- Tabellenstruktur für Tabelle `tbl_photos`
--

CREATE TABLE `tbl_photos` (
  `photo_id` int(11) NOT NULL,
  `url` int(11) NOT NULL,
  `user_id` int(11) NOT NULL,
  `timestamp` int(11) NOT NULL,
  `upvote` int(11) NOT NULL
) ENGINE=InnoDB DEFAULT CHARSET=latin1;

--
-- Daten für Tabelle `tbl_photos`
--

INSERT INTO `tbl_photos` (`photo_id`, `url`, `user_id`, `timestamp`, `upvote`) VALUES
(1, 0, 67, 1377131321, 0),
(2, 0, 54, 1250515097, 0),
(3, 0, 85, 81505071, 0),
(4, 0, 98, 888487004, 0),
(5, 0, 25, 1316967546, 0),
(6, 0, 100, 113528688, 0),
(7, 0, 76, 552354633, 0),
(8, 0, 70, 804480003, 0),
(9, 0, 14, 1237046026, 0),
(10, 0, 71, 44698057, 0),
(11, 0, 16, 267044388, 0),
(12, 0, 81, 723808673, 0),
(13, 0, 29, 1261268814, 0),
(14, 0, 48, 33601788, 0),
(15, 0, 4, 267366348, 0),
(16, 0, 32, 750061864, 0),
(17, 0, 90, 72501179, 0),
(18, 0, 98, 908890022, 0),
(19, 0, 22, 362089421, 0),
(20, 0, 58, 365829077, 0),
(21, 0, 72, 558911929, 0),
(22, 0, 89, 395068869, 0),
(23, 0, 18, 42336875, 0),
(24, 0, 35, 1105904506, 0),
(25, 0, 35, 258139337, 0),
(26, 0, 9, 1512630375, 0),
(27, 0, 6, 606588598, 0),
(28, 0, 34, 697237448, 0),
(29, 0, 28, 413328229, 0),
(30, 0, 68, 1007131725, 0),
(31, 0, 90, 249417396, 0),
(32, 0, 99, 19960327, 0),
(33, 0, 46, 1085301797, 0),
(34, 0, 12, 334333437, 0),
(35, 0, 25, 278306091, 0),
(36, 0, 81, 1136888462, 0),
(37, 0, 2, 584659969, 0),
(38, 0, 77, 822602841, 0),
(39, 0, 42, 774624175, 0),
(40, 0, 60, 790244465, 0),
(41, 0, 18, 102226082, 0),
(42, 0, 93, 1225390027, 0),
(43, 0, 79, 1501841358, 0),
(44, 0, 48, 1422404868, 0),
(45, 0, 45, 1394403899, 0),
(46, 0, 54, 540331297, 0),
(47, 0, 21, 1028192632, 0),
(48, 0, 94, 1124143442, 0),
(49, 0, 21, 1126257211, 0),
(50, 0, 37, 715298437, 0),
(51, 0, 46, 970533139, 0),
(52, 0, 8, 290167848, 0),
(53, 0, 58, 872208942, 0),
(54, 0, 14, 579799672, 0),
(55, 0, 53, 488973810, 0),
(56, 0, 99, 1168045626, 0),
(57, 0, 89, 1100753273, 0),
(58, 0, 35, 113721051, 0),
(59, 0, 60, 969596634, 0),
(60, 0, 31, 1052082700, 0),
(61, 0, 19, 315745437, 0),
(62, 0, 21, 193424282, 0),
(63, 0, 62, 530573901, 0),
(64, 0, 65, 186694888, 0),
(65, 0, 46, 1076826449, 0),
(66, 0, 88, 1489393052, 0),
(67, 0, 25, 251045480, 0),
(68, 0, 98, 126031436, 0),
(69, 0, 78, 1107573720, 0),
(70, 0, 71, 688976040, 0),
(71, 0, 87, 697141690, 0),
(72, 0, 81, 1373502517, 0),
(73, 0, 86, 479987089, 0),
(74, 0, 59, 166737214, 0),
(75, 0, 48, 549811987, 0),
(76, 0, 45, 933841443, 0),
(77, 0, 79, 608421829, 0),
(78, 0, 66, 1160087421, 0),
(79, 0, 25, 1215763623, 0),
(80, 0, 63, 1542380946, 0),
(81, 0, 60, 414900138, 0),
(82, 0, 73, 15965603, 0),
(83, 0, 29, 1296492003, 0),
(84, 0, 31, 1328709320, 0),
(85, 0, 32, 1416964209, 0),
(86, 0, 38, 39576742, 0),
(87, 0, 85, 1393430670, 0),
(88, 0, 30, 515563223, 0),
(89, 0, 59, 1115792184, 0),
(90, 0, 86, 1292364813, 0),
(91, 0, 48, 1450232028, 0),
(92, 0, 34, 416334590, 0),
(93, 0, 94, 364495779, 0),
(94, 0, 22, 606967542, 0),
(95, 0, 72, 178464967, 0),
(96, 0, 11, 377913756, 0),
(97, 0, 38, 569128752, 0),
(98, 0, 6, 26087725, 0),
(99, 0, 70, 1420785674, 0),
(100, 0, 22, 816372980, 0);

-- --------------------------------------------------------

--
-- Tabellenstruktur für Tabelle `tbl_user`
--

CREATE TABLE `tbl_user` (
  `user_id` int(11) NOT NULL,
  `username` int(11) NOT NULL,
  `pp_url` int(11) NOT NULL,
  `email` int(11) NOT NULL,
  `password` int(11) NOT NULL
) ENGINE=InnoDB DEFAULT CHARSET=latin1;

--
-- Daten für Tabelle `tbl_user`
--

INSERT INTO `tbl_user` (`user_id`, `username`, `pp_url`, `email`, `password`) VALUES
(1, 0, 0, 0, 0),
(2, 0, 0, 0, 1914),
(3, 0, 0, 0, 0),
(4, 0, 0, 0, 36),
(5, 0, 0, 0, 5),
(6, 0, 0, 0, 692),
(7, 0, 0, 0, 2147483647),
(8, 0, 0, 0, 0),
(9, 0, 0, 0, 6),
(10, 0, 0, 0, 2),
(11, 0, 0, 0, 79593),
(12, 0, 0, 0, 2),
(13, 0, 0, 0, 710919),
(14, 0, 0, 0, 0),
(15, 0, 0, 0, 0),
(16, 0, 0, 0, 3),
(17, 0, 0, 0, 2147483647),
(18, 0, 0, 0, 4492100),
(19, 0, 0, 0, 70),
(20, 0, 0, 0, 0),
(21, 0, 0, 0, 0),
(22, 0, 0, 0, 3),
(23, 0, 0, 0, 0),
(24, 0, 0, 0, 0),
(25, 0, 0, 0, 10),
(26, 0, 0, 0, 0),
(27, 0, 0, 0, 96700),
(28, 0, 0, 0, 0),
(29, 0, 0, 0, 0),
(30, 0, 0, 0, 0),
(31, 0, 0, 0, 1),
(32, 0, 0, 0, 46),
(33, 0, 0, 0, 0),
(34, 0, 0, 0, 67),
(35, 0, 0, 0, 0),
(36, 0, 0, 0, 88),
(37, 0, 0, 0, 772),
(38, 0, 0, 0, 83),
(39, 0, 0, 0, 0),
(40, 0, 0, 0, 5),
(41, 0, 0, 0, 66),
(42, 0, 0, 0, 2147483647),
(43, 0, 0, 0, 0),
(44, 0, 0, 0, 0),
(45, 0, 0, 0, 0),
(46, 0, 0, 0, 0),
(47, 0, 0, 0, 48),
(48, 0, 0, 0, 5945),
(49, 0, 0, 0, 65310891),
(50, 0, 0, 0, 61000),
(51, 0, 0, 0, 255),
(52, 0, 0, 0, 0),
(53, 0, 0, 0, 8684),
(54, 0, 0, 0, 913),
(55, 0, 0, 0, 72),
(56, 0, 0, 0, 0),
(57, 0, 0, 0, 660),
(58, 0, 0, 0, 22690),
(59, 0, 0, 0, 63),
(60, 0, 0, 0, 0),
(61, 0, 0, 0, 0),
(62, 0, 0, 0, 187),
(63, 0, 0, 0, 11),
(64, 0, 0, 0, 7),
(65, 0, 0, 0, 0),
(66, 0, 0, 0, 9),
(67, 0, 0, 0, 8161),
(68, 0, 0, 0, 0),
(69, 0, 0, 0, 9),
(70, 0, 0, 0, 0),
(71, 0, 0, 0, 815),
(72, 0, 0, 0, 0),
(73, 0, 0, 0, 2),
(74, 0, 0, 0, 6),
(75, 0, 0, 0, 0),
(76, 0, 0, 0, 8),
(77, 0, 0, 0, 0),
(78, 0, 0, 0, 0),
(79, 0, 0, 0, 3),
(80, 0, 0, 0, 0),
(81, 0, 0, 0, 435),
(82, 0, 0, 0, 236283270),
(83, 0, 0, 0, 0),
(84, 0, 0, 0, 2192),
(85, 0, 0, 0, 64),
(86, 0, 0, 0, 0),
(87, 0, 0, 0, 0),
(88, 0, 0, 0, 5),
(89, 0, 0, 0, 0),
(90, 0, 0, 0, 2147483647),
(91, 0, 0, 0, 0),
(92, 0, 0, 0, 3),
(93, 0, 0, 0, 0),
(94, 0, 0, 0, 8),
(95, 0, 0, 0, 8839),
(96, 0, 0, 0, 0),
(97, 0, 0, 0, 0),
(98, 0, 0, 0, 5),
(99, 0, 0, 0, 74),
(100, 0, 0, 0, 66);
COMMIT;

/*!40101 SET CHARACTER_SET_CLIENT=@OLD_CHARACTER_SET_CLIENT */;
/*!40101 SET CHARACTER_SET_RESULTS=@OLD_CHARACTER_SET_RESULTS */;
/*!40101 SET COLLATION_CONNECTION=@OLD_COLLATION_CONNECTION */;
